['sepal_length'],['sepal_width'],['petal_length'],['petal_width']
[5.843333333333335],[3.0540000000000007],[3.7586666666666693],[1.1986666666666672]
